width,height,env_seed
126,80,7727465
76,71,9654485
41,121,571686
66,117,6041994
106,101,5306708
87,55,3859555
49,113,3745138
33,53,8056216
64,39,8000260
104,108,9645752
121,59,3738691
51,110,3102155
74,51,6083358
59,108,561902
106,75,7997347
63,91,2527774
99,36,7041279
36,98,1328327
65,42,169385
64,32,8805787
77,94,2530628
91,62,6296077
69,40,9131515
33,85,7664639
97,69,6951583
105,43,2853170
117,49,4206191
76,68,5616212
117,124,4189925
89,104,3422781
37,50,9984562
74,124,289376
118,103,4196237
88,80,4440131
80,123,6618246
74,60,4793005
54,78,1385261
99,96,1035793
87,127,5021919
107,76,3577016
75,114,9026108
64,42,5439250
44,87,7477535
76,100,6745981
59,119,7779344
119,78,5295041
118,45,6422215
76,37,9117287
126,80,446076
125,48,2109209
50,109,6357708
57,63,751413
77,79,749816
102,119,4562513
97,56,4866193
91,73,1965124
114,72,3318127
35,95,6142371
105,38,8483099
93,38,7336747
66,81,4013324
96,105,410186
33,116,6253973
39,47,5484886
53,103,1123372
61,41,8846498
73,128,94745
108,83,7792571
79,105,5318512
33,65,9388530
65,115,901905
45,97,3237927
96,119,2119278
89,43,9940709
69,60,4315383
85,56,523650
108,122,2118508
46,93,9158251
104,85,6526662
125,39,3487683
49,124,7657170
112,35,8919409
53,110,2758234
49,95,1117903
113,37,9979844
64,101,9354864
122,113,1833224
71,123,7534305
49,78,1677424
91,35,6023081
47,34,7435954
90,48,5626855
62,80,8169400
98,107,4221685
56,70,7548959
54,46,187866
68,65,3353206
58,41,9361810
39,77,8645059
45,88,6766826
64,75,78539
34,99,3409431
91,69,1192280
73,34,9677559
33,126,1625433
44,108,2775112
58,121,3252776
99,83,580836
73,69,256942
39,124,6983090
111,39,7796376
55,32,2349283
123,60,6105532
59,64,7345980
93,68,500603
120,111,5914858
106,42,7632295
120,111,8035360
50,46,7795210
115,95,9951290
125,102,7169829
88,45,4475051
71,63,8207908
104,39,9705667
54,62,8120196
105,115,8419058
85,63,9489060
105,121,4033267
112,33,309133
36,48,6809617
45,126,8168566
104,79,5969771
111,43,5113594
37,38,4761840
37,74,3028697
61,125,4739544
106,57,4241886
122,42,9140755
79,97,2840159
76,56,7993685
120,71,3052768
54,39,3721913
102,80,8321737
71,34,2300797
33,86,3300905
109,49,2302891
109,121,4528033
50,54,7627740
55,124,3667152
110,80,8488521
123,61,1122016
104,57,2341603
45,81,4484153
59,118,4871143
128,115,1289662
69,66,5858882
68,63,6624661
126,51,6096590
100,72,979647
42,61,430043
44,111,2698604
119,122,1384661
49,106,1638432
122,69,4905856
99,63,4789056
73,113,2376951
48,70,8931839
81,85,5813863
99,55,7222447
73,99,7870033
68,44,1494309
35,53,950208
101,101,1828846
65,39,6905639
69,107,803258
36,118,1796872
73,45,122362
81,47,2658169
42,68,8826586
119,44,6786864
34,88,9904030
56,91,7960775
97,69,9562395
122,67,2936683
74,113,7110147
87,125,490945
80,78,2642218
123,84,171207
57,66,2178608
86,95,9462391
118,60,5455551
68,81,5065205
50,114,8748658
118,55,1368342
81,58,5829761
90,82,3328205
102,56,6847899
45,84,5638236
122,46,3107577
64,69,542485
74,63,4411574
41,122,4086063
68,53,7339837
124,125,7110130
98,33,6119136
68,115,6907897
70,102,866139
81,63,4835805
73,77,4277180
95,42,200603
72,74,6744692
67,106,7772479
36,119,3528695
55,50,2602632
69,65,3778111
42,32,9031117
71,127,9229715
96,92,143189
100,53,4030616
77,69,4591510
126,60,3289737
33,82,256763
93,99,9827277
50,51,7699941
86,33,1640199
123,59,8438006
36,80,8993211
110,90,7147087
74,41,1617288
66,41,5632889
69,112,8428218
86,93,5032184
106,72,1618028
98,78,2126229
83,64,8200979
74,92,1874495
95,99,8593585
122,44,1939347
104,69,5425382
123,115,730614
75,101,3253128
70,97,7772489
113,41,9093154
101,34,5016323
50,61,2189135
91,118,8174233
119,116,3635630
101,78,2599164
41,66,8210639
108,39,6476776
113,41,9349178
90,43,2355911
65,125,2030399
103,79,8659526
112,103,6172899
88,57,7864042
49,96,5961959
124,33,3590815
115,110,2706710
57,43,4263357
108,35,286476
111,96,6904107
78,57,9711015
46,90,2780411
43,74,6914338
84,98,3682835
83,87,1313846
125,104,7461070
69,108,5308240
101,82,4155532
94,76,5913252
116,111,7843091
61,107,2819586
105,108,9891435
82,44,8581771
120,64,9785239
64,125,4107833
92,52,8324679
125,116,6047445
115,72,5598255
59,76,2084765
113,87,2159442
97,82,3885425
32,118,7813794
104,87,8504182
120,45,319662
123,96,5628436
36,63,545221
102,58,5726050
33,37,8991372
109,59,6631985
111,118,4626188
104,79,3141905
128,81,3822491
32,71,1300369
93,103,1905628
102,54,4281840
84,109,5951618
77,32,225768
115,98,6347965
44,90,5484472
78,79,7793339
126,45,1039649
85,109,3533414
54,96,1120121
109,121,9351911
84,55,8830268
41,87,7930733
124,88,4103232
35,36,1889646
100,68,1927383
39,97,2977899
60,40,691056
114,59,8066858
63,78,83047
46,49,235424
41,118,3339252
105,124,462480
102,53,3157378
46,98,1984646
126,104,9220702
39,46,8560083
107,127,7977863
37,100,4762406
118,33,3293052
38,74,321969
64,98,3207770
32,39,6699350
71,32,4716872
81,44,4892943
58,65,8290714
121,79,1339224
89,44,9525117
44,56,4776854
65,45,3167765
46,56,240166
98,105,911493
88,123,3164996
88,112,9354311
54,122,3164598
96,116,7714707
71,110,6676338
108,83,4165922
118,97,576055
94,45,3221126
106,35,595726
92,73,2385443
111,114,9270677
49,124,3008379
102,61,2208698
105,112,1041713
41,34,2369567
70,114,1319146
77,37,5091280
123,106,3160829
123,83,6565655
41,124,6155754
85,77,1040089
69,35,2680168
97,125,1962290
71,98,7134091
42,88,3014708
92,57,6446307
89,126,2098234
55,71,8429686
35,84,1749331
68,108,3102442
124,42,9423774
70,65,485081
103,86,6517898
34,126,9914831
79,114,7307297
112,63,8181936
58,35,7117954
116,46,1927117
79,72,1449327
90,79,3516994
36,87,4656901
60,125,2717528
73,63,7553969
85,50,4886586
120,41,6285204
32,81,3979008
94,114,5062785
62,35,8312925
119,117,6966781
32,127,5868810
35,57,7552729
71,52,6657192
122,38,2364082
57,36,5833428
38,79,1143072
59,52,5069372
39,113,7490037
118,34,7413813
123,58,490783
74,85,4992240
61,122,4564825
120,116,9341358
126,70,8276122
79,44,6991583
105,110,1900815
98,120,7422712
102,34,5747040
78,80,4605449
45,105,8636286
93,121,9041673
113,42,9698893
112,79,9891770
68,66,6610114
108,35,8722131
32,101,6725828
99,68,6943086
51,107,5130368
128,96,3852144
50,96,486168
87,84,3490816
102,57,8112694
37,63,3235406
84,113,2388433
88,95,2369922
79,33,9390364
103,52,9205955
128,107,3399383
80,66,2510471
123,98,7456113
43,113,2737896
73,73,9401124
52,74,4041879
72,65,5047016
84,36,9086187
89,126,1480882
97,71,4323506
50,64,6600841
87,86,1885734
64,84,3277402
66,118,1911924
56,64,2318038
119,117,8530841
64,95,9078719
99,99,139447
74,93,7267146
112,128,7936751
100,49,6972736
107,121,7126781
119,74,2757976
69,57,7148579
47,98,4420403
38,79,6093165
122,72,2237637
105,102,2498358
86,128,2053178
87,93,5428293
110,122,4444161
83,121,9655822
114,66,5946238
97,65,8054211
62,46,2830305
95,71,4227730
78,61,5279141
66,59,7086252
100,42,9432176
101,103,5108905
75,83,1188055
74,59,7373035
85,35,862362
76,39,6945057
128,72,9827672
86,61,1803126
67,69,852327
45,59,609410
90,58,7800740
42,58,8612379
96,91,388447
114,107,8962346
117,76,7015678
94,78,5535325
88,113,8401128
54,113,3922332
124,81,8013170
115,126,1917164
66,107,8726373
89,51,730004
126,52,4982772
44,108,5918482
40,97,4050443
105,125,8179085
90,96,5015682
89,124,7143891
95,70,6312840
77,60,3554006
116,115,7221946
56,73,3321082
34,91,6434433
106,127,2283880
127,58,7905035
90,114,7445838
70,80,4909603
36,53,233006
78,125,4039604
126,85,961765
73,42,2386844
99,88,9577702
83,52,3546880
84,91,8163559
64,84,4382909
62,67,3272529
58,106,2855521
42,84,43594
69,97,1151147
72,91,2091840
76,65,9031332
48,118,7322625
47,61,3477980
45,42,8919966
49,62,2580326
109,126,9248297
94,46,2371582
108,80,8529962
57,114,1096204
113,85,7417500
36,94,4565862
101,123,42827
54,121,7499451
92,34,8346669
88,92,3932872
120,65,1960229
40,62,505858
114,70,2902579
88,128,1507332
37,43,1837956
93,71,6651432
127,111,2009538
44,38,5590980
58,53,4611223
67,39,6563411
68,37,2438006
46,48,5371841
70,45,1878993
119,107,4374213
93,57,5447840
42,79,6837033
69,40,7469686
125,101,828573
99,57,9801830
48,50,1885331
93,125,3448468
70,126,4414590
50,69,3552316
32,68,763602
95,50,4966055
66,50,4680097
112,50,2672000
42,41,8464394
110,72,6908614
34,36,9746030
68,49,17782
58,95,4782787
110,45,943739
58,102,9046295
47,128,4149929
72,60,7442690
48,46,300370
46,58,6162296
62,75,5612537
117,111,6360587
107,76,5068885
126,122,866115
49,50,2188801
53,67,2219485
99,57,3061502
43,117,6294661
125,82,4262018
40,83,4396406
51,78,1922881
103,123,279127
70,88,240154
32,83,9277309
97,60,9040673
32,36,2052516
68,56,6423716
108,102,1738160
78,38,8620871
50,104,5095109
80,63,5747933
117,125,7183279
87,121,9279630
109,103,1495882
90,94,6593646
32,89,988098
111,88,8131365
82,76,6907162
72,70,6546049
108,80,21003
76,48,8060896
32,107,26945
128,128,7328536
43,58,7306649
51,66,102397
67,68,3892021
32,100,9793288
39,116,4636506
54,35,1221245
66,35,6563200
84,32,2586976
104,32,7397988
121,112,6459611
77,111,709389
38,99,2128890
122,56,7372835
85,96,943591
105,43,6030018
53,85,2319154
111,118,3956904
50,58,9791423
99,59,1427765
82,107,6409440
100,41,9634461
52,83,2307275
56,72,6509418
101,77,6640095
120,87,8446131
69,88,7680734
90,103,5575120
50,76,3015211
33,122,2235144
89,36,5186654
34,89,8962020
86,73,7045016
54,74,698468
123,86,5533419
105,67,5736841
86,116,8142256
56,52,8003448
115,82,4360980
57,40,9482771
45,96,5467266
55,70,2068248
48,32,5789678
101,118,9488984
37,74,392907
37,102,1999187
68,32,259790
32,54,4565255
97,37,2193630
80,70,9916010
53,60,4322950
107,39,3194157
90,104,5501559
76,32,7281150
58,44,4631341
117,86,5372879
126,126,9407823
118,52,8739207
125,72,2514988
120,77,1628579
117,43,8426673
50,100,4054405
73,105,9041082
40,42,2450952
62,36,2413770
48,37,8107741
59,46,537008
104,35,1481639
89,81,5378358
101,126,7565274
103,111,7516973
34,36,5074464
107,107,9115947
69,72,8445855
63,120,2487855
32,106,752687
69,49,5249958
107,44,9823712
99,68,2808037
72,111,2035475
66,73,2040393
40,87,7149740
44,78,1709637
103,60,1411788
112,63,9368078
47,61,6280034
108,41,7902787
61,83,7785336
116,42,1275162
64,106,4285578
79,118,4634835
52,87,7893137
36,96,887198
93,59,348571
65,32,5746776
87,125,7440071
78,36,5617460
76,48,7811080
76,55,2131225
34,40,4345717
120,109,1012758
98,82,8865974
65,46,8352818
55,56,9016543
99,48,3520445
122,96,9566985
124,102,8132927
116,99,5108595
41,64,7737063
77,84,6534932
56,35,996495
118,48,8111774
82,102,6919899
100,118,7379534
77,39,4829559
84,56,4935012
45,73,7379964
40,112,474717
98,128,9258734
65,105,6555058
36,122,8342261
119,99,5811442
117,39,7472707
126,38,9416087
64,77,9049679
92,74,9792717
70,75,6087989
92,107,9297442
46,102,4517260
126,99,1995100
68,43,9159229
41,128,9688542
100,117,8097536
34,77,9149487
117,99,3710813
99,43,6543283
76,50,3488189
70,39,4640092
112,75,4638406
107,90,3379499
74,104,9117477
104,45,7249956
101,75,7388045
126,124,2203417
92,126,3313721
88,84,6872572
62,118,7197258
110,55,8063272
116,90,7751941
49,89,548620
38,68,1674991
78,94,1925894
32,94,1385744
49,63,5194949
42,48,9486744
38,109,7360313
124,41,2957218
40,128,5490292
107,85,1887465
82,95,2261895
50,125,6472524
91,110,6327125
36,63,3200693
73,39,1366206
117,69,9598157
68,120,1090353
105,71,2803988
125,121,3292719
75,96,2246431
105,111,4189304
35,107,2328097
94,107,2904514
87,73,2574562
53,82,2462234
74,39,3012073
92,115,6598776
47,32,1282558
50,48,2385879
52,127,9546103
45,118,8905759
119,101,8767620
87,126,5939400
107,34,503968
65,69,5103144
107,75,3029527
106,43,4063611
68,118,431913
87,70,9933320
69,115,9985935
44,68,7635307
56,126,1354608
90,98,1135769
88,41,6973879
71,65,3149251
95,113,3516032
118,109,735855
124,99,2318004
83,85,7320859
71,121,6153161
90,79,6703816
58,71,7809715
39,46,2780778
106,86,5237544
119,98,5258932
71,94,9608919
73,125,8709050
69,117,2209320
121,48,3136197
102,80,4303435
63,63,817242
33,89,2798777
53,94,3906502
118,90,9013537
62,72,135898
58,88,1245784
110,117,4711869
72,44,2538213
107,113,8330659
91,61,3792283
65,52,8463715
121,40,6360402
128,57,8953582
113,93,8787247
105,112,5364121
32,110,6579894
78,115,590125
114,36,6225968
41,91,4730859
73,33,9135748
55,47,8444234
77,33,699496
32,74,3225521
33,89,1295606
108,114,9387905
119,74,4098351
97,56,5971421
68,76,2261460
48,58,3699997
124,69,754015
98,94,6340383
99,48,548681
104,111,9979823
47,104,7532379
96,59,6178716
94,40,527165
76,116,7923588
95,104,6560409
64,90,7946412
120,100,8993218
49,63,4844906
108,90,2098522
38,102,3329077
52,106,4174691
88,35,5427444
121,123,5820292
43,66,3200483
90,66,3433758
109,72,4408752
55,82,1477049
63,128,5133102
108,34,5761933
96,123,7553144
80,82,2412968
69,122,7864624
32,100,6602767
35,46,2282461
91,62,1000568
53,59,7870893
49,54,2701405
43,40,3072361
61,34,7127804
125,63,9835392
105,79,8950111
74,79,4043940
64,124,9947902
122,75,2310810
102,93,4055618
119,52,8716231
87,125,9785928
44,99,3545255
37,38,4560418
108,63,5575294
55,77,4768327
127,60,8356275
123,102,6151970
38,111,743701
37,53,5519372
118,40,1328667
78,85,9357250
83,41,522408
90,64,7555114
104,111,498410
62,54,1180523
36,81,6945754
59,65,4178408
94,104,6018812
100,46,3617112
72,99,4181343
120,75,3504100
41,41,4969940
121,109,7723996
96,94,9313909
94,69,9431622
83,37,3705396
118,60,7455507
96,105,6433802
113,64,3078041
91,52,5710074
122,74,7811358
124,96,103468
57,109,97553
92,117,6269305
123,103,3135926
100,71,102590
104,45,7560645
62,53,2473514
95,96,9001276
117,85,3388728
123,71,8112352
36,78,7908953
45,99,6672882
66,40,605799
78,85,8245679
105,97,3984752
113,101,7910839
60,66,6922191
45,33,5978536
61,110,3498697
89,88,6895723
123,96,3012244
100,45,4068153
127,118,5231024
43,52,5286926
47,112,5846305
108,40,1682869
62,64,3903801
43,62,118202
71,71,5883432
103,78,5172549
67,87,4650675
124,114,9266960
52,49,9162744
128,38,5909694
90,94,5447482
35,62,6622886
128,98,4326126
79,98,1906347
125,45,6667448
112,96,45138
77,45,3546307
50,51,5841591
113,81,8404621
62,86,4363929
70,99,5744589
54,66,215398
49,105,3269547
47,113,3360620
98,60,1364740
113,50,7961454
33,47,1048334
45,49,4025424
113,105,7130510
65,107,3890540
125,44,2838698
55,37,6390662
37,91,2004848
98,114,9429379
119,76,7285627
42,39,6166148
75,89,8585928
51,69,2295753
48,119,5216075
67,70,6961010
69,56,6831775
37,59,1030183
121,122,7360637
115,106,7046707
49,102,3764556
112,57,403908
108,48,2713255
128,112,5059412
67,70,7885331
105,101,9722010
43,52,1632887
117,86,4933427
120,53,3629465
55,120,4877173
53,109,8188876
125,110,9177805
74,81,8608889
109,40,9982177
128,95,9364850
52,105,1219417
96,119,8368125
89,64,1179043
34,127,1321585
46,112,6685224
54,100,4689344
111,60,8561494
118,47,8167990
37,56,1519517
69,58,7774228
124,39,4049767
127,96,6862259
86,55,6254276
78,117,7518474
92,115,6343334
82,93,1988010
107,76,502646
69,110,1729262
76,42,6800682
104,66,2430120
48,52,2759595
114,68,9985551
60,119,9433137
115,94,9843857
63,88,787917
82,83,338089
81,109,659242
62,125,2939440
80,126,6510010
84,39,4279581
88,86,4039561
83,104,5145434
122,59,6591789
56,117,2361864
105,61,6118134
100,79,133450
109,124,4417402
38,112,9199122
67,118,2092039
116,99,5496038
118,83,8448426
67,86,7036371
111,57,2253621
76,33,9461373
100,50,281070
125,100,5077478
106,37,9654271
127,45,5898288
118,81,7155918
103,98,5286215
86,56,5694913
109,113,4213788
47,82,1237111
116,70,6188675
113,43,7160738
100,96,2121288
95,119,4723092
72,82,7975482
82,74,4177067
60,43,4283172
48,111,2470970
114,112,1709565
77,73,8621212
91,111,9443477
86,112,1617836
94,118,1488927
102,43,6496959
53,121,7361178
126,72,9235510
112,44,5812418
94,69,9257927
128,38,8449207
44,87,1776556
105,102,8598550
99,40,3315261
63,97,428192
85,83,7708991
70,85,6101381
53,65,7983889
121,106,7089383
76,100,3775530
98,71,1225697
85,118,1496686
128,52,8966191
112,95,9436413
84,66,6206869
39,39,1822980
75,63,1536171
125,59,8493282
45,92,171895
82,55,9980281
87,122,2011020
96,109,8016426
123,41,3652812
54,85,8449887
63,47,7645508
39,87,4253203
33,125,746162
94,127,5601184
106,110,4624437
43,123,6250811
35,127,4040611
76,50,6569333
79,62,7303671
47,123,8857158
83,82,5607681
105,32,4773715
45,122,53131
39,105,3817938
46,75,2999795
119,108,9977104
74,43,3704712
33,63,1449765
88,99,3131702
81,79,6307474
119,106,6569959
69,63,8178969
73,128,335792
82,64,1738003
57,56,8668758
62,79,4440594
113,105,3870016
61,50,6042499
85,33,8888044
57,33,522438
128,37,722226
35,113,5552526
101,73,9670009
120,107,6558962
46,87,367484
97,41,2169952
57,125,9837128
38,84,5398545
64,46,3229518
113,74,471996
96,116,7337028
71,33,1081662
78,69,3559046
54,42,1767519
94,37,7354471
75,58,9959985
69,98,8593458
48,47,3679848
121,125,5359668
35,38,8688413
33,110,5780777
119,100,9064759
91,112,1687117
96,35,9098325
74,61,9541836
92,119,5683858
88,93,5170364
42,106,3931207
38,125,7792943
51,97,1429796
89,35,5967253
114,123,5753706
119,51,3489980
125,117,7984239
72,118,9380970
50,42,351479
45,89,6011515
38,74,2433128
57,55,517215
58,117,6907196
48,114,528436
83,124,986965
54,61,1002039
112,43,6982891
81,35,5062431
46,39,5695811
83,104,9990928
104,96,9358257
88,71,2436643
53,102,7078908
94,60,1174967
125,86,226262
62,85,9799175
117,41,2272721
84,67,439692
108,95,4874732
70,115,2806658
105,114,8749773
126,109,8784906
85,106,4628171
63,84,8074764
121,57,7848927
87,43,5315652
125,72,5994932
104,92,8050200
78,39,6135061
73,77,7188668
59,58,3971575
65,121,1446703
32,70,9173124
84,84,3632052
61,87,1489270
122,78,6315699
126,124,7720692
102,85,7552514
95,110,6862274
97,56,4662613
77,84,6438519
87,108,2712991
37,127,570479
94,116,4273224
39,66,2785167
100,95,7557698
50,67,4319553
128,37,1223335
65,41,8367897
47,124,8372545
104,107,2321158
114,55,482257
80,54,3634629
48,66,2343655
70,53,4052516
65,128,8642957
126,77,282127
34,101,3256749
43,117,687615
121,83,936530
118,54,8591008
36,41,7433293
100,102,5597809
49,52,6533015
98,109,1987359
53,114,1252071
32,61,2970178
61,101,1010736
111,87,1410168
115,107,2133211
32,32,3147790
65,106,9289326
41,125,3850658
52,120,4097910
122,118,2273082
96,114,8580419
32,33,7185508
35,89,8122967
52,101,808349
67,103,4098676
124,128,7953067
121,112,5110043
43,35,196867
102,55,1166209
91,87,6400809
67,65,5423493
53,92,9241344
110,102,5174548
107,47,7369644
111,119,4292330
81,39,815625
100,33,4486738
80,37,8361730
100,109,2818141
52,108,4498674
92,59,4472689
45,105,8121937
39,36,4443254
80,104,6730526
59,42,5658866
42,105,1724981
119,98,3052373
120,92,9237867
90,97,386528
117,53,6250653
62,100,418017
96,123,7819365
123,93,6367216
51,120,4892331
102,71,8848950
80,109,9639495
44,90,4353819
72,37,5975081
70,55,6496020
106,90,2917005
123,37,8341727
67,42,6064226
91,111,7614506
117,71,5870614
122,68,8286216
114,50,97766
127,87,918648
76,36,1138944
95,43,3099346
57,52,6818555
114,70,8797479
88,71,1945910
99,109,6731039
67,85,7306227
52,110,5480597
78,100,3896998
51,85,2459115
57,83,9364930
121,73,1026157
111,106,9034918
107,94,3186565
46,68,8414277
109,111,766810
55,72,7150150
104,92,1441827
125,76,9460305
62,119,8416575
38,61,8611694
69,113,4211687
57,94,5465060
49,119,5662960
94,78,9084923
97,117,2483674
91,88,7235868
40,74,1012762
45,97,678738
43,60,7815734
34,66,8926843
63,107,4957596
71,95,962971
82,106,6029097
122,72,6315190
78,117,2213569
115,57,1442099
34,81,3385333
100,111,9856366
118,108,8879421
72,94,804121
45,99,1693578
40,79,7758470
65,106,1239424
49,97,3165358
103,120,5279257
37,114,9945080
75,115,9957361
128,68,9813602
76,38,700863
59,49,6485940
48,90,9593160
98,83,1997742
40,38,5457245
60,92,7507594
88,53,4898666
123,94,2444315
78,42,2219069
47,112,894100
85,61,3512346
76,59,2182102
108,97,8788580
79,98,7676957
117,81,7792628
56,63,3747071
43,102,4662491
93,39,9521766
89,47,5586369
49,126,126992
99,48,961455
120,88,9118717
90,115,3321241
117,54,2907510
116,124,568034
83,67,3222851
77,125,7667292
46,70,5744939
83,93,9107507
70,72,3494513
98,84,2191242
85,119,2891538
123,80,1917815
85,121,4728116
123,36,2730672
93,54,6633828
64,44,8424528
88,117,8491605
37,63,7405861
78,115,8913119
74,127,7788869
57,90,6637885
89,101,73394
62,109,8862187
128,59,5271413
67,37,3232322
44,60,4476341
74,70,5206877
97,103,7964224
113,49,3769442
95,93,867508
65,91,782700
54,95,1501288
99,79,1658885
92,86,3487910
32,58,1486772
115,111,1213003
123,112,5090007
100,114,8125902
69,68,7191059
57,45,779017
51,118,7571752
71,96,220241
46,98,653823
60,120,7125384
42,47,7617256
56,110,7065511
67,109,9583219
110,92,8230771
124,82,3778105
51,73,2306553
76,47,2353030
127,90,4832180
64,119,5105402
70,78,2404817
94,56,1819141
104,68,751831
41,98,7267811
43,108,6466240
55,51,8650377
76,75,8914996
70,61,6205944
38,87,6158187
128,33,9115272
52,58,1359345
84,80,709401
67,68,538478
55,88,2822890
103,121,3513212
67,82,6027479
64,108,4884930
113,88,6085923
103,61,6281898
98,57,1242116
100,55,39836
58,70,7235951
111,86,9204224
123,35,2108847
69,42,7361493
74,74,238045
107,102,1215812
98,93,9051358
75,114,3178054
128,86,2365592
103,42,8654660
43,49,160301
58,49,4477593
121,35,572422
72,69,2924364
51,82,7898963
113,109,3358695
44,37,6986768
65,74,6032004
78,77,2567527
49,44,2435064
123,53,3465360
105,83,877151
57,62,9248610
68,114,8144141
104,52,3155744
107,95,3323200
41,78,4898039
79,99,4504938
82,128,5097360
33,79,8817057
72,117,4819564
48,57,3138118
42,87,2680215
124,81,153734
108,44,9860251
70,61,9681662
98,123,471387
71,101,6629555
112,122,2450324
112,121,975272
78,121,7892438
54,97,6313484
122,36,2213744
121,41,427178
52,85,4702474
51,125,7413820
82,112,9312381
53,64,154880
60,116,3105722
49,83,2300261
46,56,5361052
47,96,476192
71,52,9179220
96,114,2519825
83,63,7523068
92,93,1034434
44,109,1087643
53,101,6887241
36,65,6334965
49,66,1065824
122,102,5833995
116,128,295663
57,48,2700384
128,92,4661947
92,50,2827983
98,33,4011305
50,34,7654565
44,63,6619798
44,72,6973151
126,37,1305081
94,69,5820414
71,34,2403141
37,77,5597876
61,42,8514552
34,84,5545403
43,51,3669988
88,79,1599240
60,92,6736835
122,97,2589734
112,104,505452
78,74,5301326
104,103,3794580
49,76,1736919
67,113,4525294
94,109,3385534
118,47,2898190
57,126,7586650
68,47,7433386
55,39,9793192
116,43,5113414
93,91,6826060
63,67,6037878
34,49,3135336
81,66,117005
89,71,6720229
91,100,44372
93,86,4203523
78,72,5875034
128,109,5546906
39,127,47808
126,64,3148583
118,65,2652186
61,71,1473058
56,120,8836920
65,98,3538722
112,97,3518466
122,101,2919453
108,76,691307
33,86,9217600
91,115,9577929
103,68,9796669
105,54,6048153
38,42,3731554
39,91,489591
89,34,5488203
115,62,9215735
59,40,3751530
50,82,3318618
82,80,9517160
113,43,5467274
44,112,597966
40,95,6783165
34,112,8700352
120,82,1538588
92,127,7726219
123,93,7188843
111,41,4498339
64,53,3024503
93,79,696291
68,110,6410133
111,65,6293608
58,121,7791147
116,67,93499
109,48,7645220
115,50,3054584
93,45,3167410
99,59,1638611
105,62,9811263
112,93,6574385
106,90,9841994
90,81,6038360
90,122,3308293
119,102,8905248
103,72,6036609
53,94,4833063
128,120,337854
125,126,2823298
95,122,3883903
102,119,3045459
128,65,2227301
61,94,2019379
89,106,4022680
59,61,9596527
116,61,1071162
62,44,5409298
108,59,249453
52,69,2048287
127,55,2884223
88,122,4116665
67,80,3897072
35,124,2705156
49,127,9220613
75,38,6321822
122,93,9759037
114,115,1948776
81,81,1244848
94,51,2663941
121,121,785417
98,110,9424508
123,121,1887654
58,61,9359970
70,124,5255183
107,85,3041103
110,89,3708261
52,46,9662433
124,97,4708051
43,110,9989646
53,58,4054394
90,67,1998957
60,89,9927277
61,124,9667200
67,64,2447609
44,34,4882047
59,84,5897430
65,103,4817706
53,71,6232509
44,66,6832248
48,35,4890870
54,118,7185342
101,94,800416
124,110,4405556
36,36,592924
121,111,3678664
110,67,476677
120,65,4693012
96,50,7567009
40,69,2185553
96,44,501177
84,40,5620422
41,62,2391740
95,61,431033
104,98,1140908
39,100,4907246
87,101,1842686
74,81,8142695
79,53,5562109
47,71,4207131
119,33,9392694
96,88,2980229
54,122,725233
82,47,4559218
105,42,1537864
62,40,5645416
65,125,241621
48,111,4312048
119,113,1456050
33,56,4547043
70,57,863810
126,109,3140277
73,93,6739721
87,52,2971551
88,56,711782
44,114,5609000
44,35,444187
93,54,5557035
81,99,263746
114,98,9474035
67,51,9175888
97,101,6513149
51,57,6111089
64,52,6905645
123,59,754980
53,60,4958636
46,105,8422385
105,54,5956296
75,119,3974348
73,112,5825251
105,122,4834617
84,53,4642967
54,92,3405622
69,97,3100911
77,117,5633798
98,79,5916444
64,75,9135145
87,54,4085259
49,124,872702
80,76,7137195
41,80,6411124
62,107,2731642
80,86,2104786
66,123,4341977
123,99,5707935
96,126,9167075
108,35,237704
89,43,298728
90,97,8027014
92,128,5226039
78,66,4493265
104,35,6998683
97,63,4313321
109,86,2231386
125,112,498670
59,55,496669
111,119,4605465
64,128,3986559
117,41,3285337
48,106,3025141
59,111,606361
93,87,1391953
93,79,1952727
113,64,3800939
72,118,5161256
71,70,7439790
82,122,3377252
37,126,6888755
121,78,1495261
92,117,5685780
64,86,8383435
101,39,1689315
97,47,5484260
90,56,1659158
91,60,7138
98,49,4592558
99,45,1268945
121,32,3219445
93,70,6108941
33,64,2641000
120,37,8345826
100,111,2091528
44,64,4170702
121,85,5675549
70,103,9930521
122,36,2310311
38,95,5501668
92,34,2305028
99,112,4494451
96,103,1993887
58,103,7434333
100,82,8079731
120,100,3308411
77,70,9370934
41,95,6226818
94,41,8019145
98,90,5966410
47,41,2721224
82,66,4913931
36,115,306718
92,93,5871123
58,71,3843120
96,92,223287
55,62,8774743
79,44,5919625
98,109,1854209
50,111,1316998
41,82,9138091
98,79,6952267
81,105,2375397
65,54,7241580
34,40,3466768
90,127,915174
94,121,2055976
64,89,1027505
117,64,7717071
53,90,8254140
77,73,1574441
108,45,478758
59,57,2380193
94,101,6573330
74,65,5435150
119,110,9553074
64,97,5333139
72,90,1608487
100,127,1204453
106,124,9469026
77,69,1358173
49,37,1604910
71,60,4366481
67,109,485551
68,37,2531967
79,114,8269859
43,119,3713708
53,116,6884614
115,108,2035957
100,51,5834984
108,91,6376831
52,44,6283146
52,88,1373863
73,39,4315728
118,102,5380910
49,38,3730189
73,67,3421602
79,72,6997469
120,124,4320761
78,43,5884073
40,81,161785
74,96,4694525
84,39,8715727
41,60,3078221
61,57,2440928
103,42,4188376
51,101,3716261
57,73,7105975
83,77,5606311
35,61,251935
43,62,2576830
77,128,4570078
71,118,3674079
113,52,5410459
65,32,7984204
111,50,1230697
45,92,1887655
89,40,7766343
97,50,2934529
128,103,6442284
46,68,2882094
88,119,9057610
106,84,2667101
100,42,5573867
79,112,3417732
43,62,9489696
64,40,4697439
116,116,3173124
71,81,8191919
65,84,1618783
38,34,791264
114,38,32564
91,69,9782822
90,71,8947948
56,81,5368637
43,112,5094677
105,115,1088079
83,111,9192994
104,44,7510569
97,84,9429005
104,83,1179314
125,35,3715514
101,86,1669567
100,72,4342382
48,116,432511
116,48,5966052
38,100,3256903
50,69,1244193
100,47,3953963
98,110,204902
104,70,4605568
125,113,4163601
106,40,7319407
118,71,7782061
70,35,2095082
35,32,420464
72,117,8235604
45,78,1116113
128,124,2115721
56,41,6610308
74,69,282832
35,96,486865
39,122,8509952
96,96,3534246
70,109,9222212
98,47,4513823
87,56,8878528
45,42,6538498
63,72,5234997
46,121,1321403
47,60,4048302
56,70,3523204
36,104,6801329
90,56,8129329
127,117,423465
127,119,108848
38,112,9300821
127,81,8603274
113,76,1819764
110,42,8539113
60,32,4634195
63,102,2708406
38,107,1798915
119,68,9623368
121,94,3467778
128,117,4626591
61,113,122444
103,109,8022749
81,104,1448955
59,36,5783124
92,42,8357472
105,74,6005984
122,42,2152145
128,94,2304483
78,126,4380194
74,120,4318523
46,124,2314360
112,45,3141107
103,56,3595430
53,50,5153984
74,122,7564485
40,95,7944526
93,125,4525051
32,78,1552568
53,38,246498
65,35,28162
83,64,7365705
119,126,6568248
111,80,4967488
49,80,4428449
88,60,2638490
121,59,4486232
108,98,2942493
114,111,8310818
127,83,6336269
125,44,4644843
33,120,1927245
59,53,7614980
128,85,9161133
60,100,5660911
55,104,5379217
63,81,7419442
93,71,1330800
45,111,1153763
85,88,7150987
127,118,8483922
71,101,8223276
120,94,7886781
96,121,9699065
65,88,571715
64,53,6941186
100,79,5546267
59,109,9212650
106,41,5499782
85,32,9309698
114,95,9816842
103,97,6980651
77,65,478776
112,63,4545137
99,83,6609443
80,107,2216202
89,44,2741129
52,100,7787587
121,38,8960533
61,103,6574086
117,37,6779261
109,82,9623431
48,119,5215115
85,33,7533301
111,92,1911913
35,70,2156506
71,87,2349713
69,35,4681082
104,104,3519609
50,76,1844475
93,73,8717119
123,61,2925434
68,87,5084536
128,86,547336
123,94,7530835
64,84,9895436
128,98,2606473
112,40,7103617
48,49,3952672
101,80,2274833
76,94,140902
97,85,5805644
104,125,4938970
38,92,6888078
102,58,2210720
74,44,4164171
79,110,4784412
111,84,8988244
109,85,2404555
39,66,3649768
57,66,9713583
52,49,5190251
111,40,722098
102,96,8542267
125,37,8731976
80,51,9862048
113,72,6186881
89,125,4637021
62,47,355668
114,36,2850248
57,85,1604435
103,38,1549921
51,118,8035876
83,121,4977299
41,125,6026108
76,62,3548167
61,56,334327
115,122,2674988
48,78,4150864
120,56,1047855
96,68,2394139
94,111,607519
90,71,3107584
73,61,7353754
49,87,2545235
69,35,5360801
90,120,9316681
116,119,6733516
34,118,5386899
39,119,4173871
37,109,3878762
80,84,256182
95,55,2088286
43,99,3049739
90,52,3284784
33,71,2522293
59,70,6883096
68,41,6099518
97,45,483190
125,70,4543338
57,76,3619809
47,128,4188660
121,48,2543147
87,108,4385089
45,75,3624238
124,103,3078326
51,40,8893051
52,68,3754120
76,96,5183267
52,69,701750
65,93,4726593
127,98,3057743
116,39,3014930
88,102,6285378
34,93,5144920
107,43,566790
83,50,9782808
41,94,1598468
52,35,8409970
55,50,1701775
74,121,7366509
76,119,7102013
127,49,4098498
105,128,3598145
114,126,5494768
79,125,5226535
44,118,1044382
37,92,5699547
48,52,552811
95,100,3928243
58,72,8140142
70,121,2995589
106,57,9982796
51,70,9540104
83,85,6833749
118,119,7408912
44,58,1995972
77,95,7105993
70,108,3151136
70,59,6114170
72,32,8303007
90,49,3089257
89,119,2318372
83,72,6313936
71,78,9352330
86,94,2444511
115,72,3331096
96,39,3394140
44,120,2188771
56,37,597037
60,93,3711301
41,52,7721551
115,46,8590893
123,93,6944053
91,107,3156792
97,61,9662655
70,126,5048538
57,76,9659572
105,93,8465198
111,97,960437
120,50,5213307
49,121,3917600
38,120,6131105
57,111,5244776
82,70,7316729
54,39,2810154
43,118,1818000
119,69,3233741
38,35,6744787
58,115,2277954
58,65,67648
113,75,1363286
78,68,2817165
95,39,3581819
108,34,4053761
107,81,5520719
96,52,399662
32,34,9046347
86,124,8489576
32,93,2446233
62,56,8063879
111,92,9771825
57,96,419752
124,42,5578833
78,118,6178724
122,62,9648793
64,92,8836114
91,104,6509839
80,91,6741786
108,64,5639434
55,76,9358618
73,108,2519464
108,75,45793
77,58,3193674
94,33,4335916
51,73,9095447
76,82,3032236
32,34,1969847
81,101,7072894
81,84,4221284
53,81,8713085
52,106,7199998
94,86,783241
74,92,6821040
85,122,3508938
58,65,4275706
61,39,2690957
94,120,9506695
113,88,8959230
51,82,6061604
64,80,517984
68,35,4674479
124,35,5469158
51,109,1764402
72,104,1355916
50,70,8026667
46,95,2485521
75,68,8016406
45,118,9956212
98,45,6252233
46,70,5285711
53,73,4045023
61,48,4641236
72,33,8923321
122,37,6459068
76,70,5299581
37,55,5757172
89,90,9635487
32,93,8954070
39,125,5526353
79,95,5789614
117,64,3235398
114,91,6502607
83,63,7973583
65,67,3461116
76,122,9272608
118,34,7739078
110,93,8047598
49,109,7864552
74,44,2619505
49,77,6598575
85,61,2705453
126,115,9158642
92,116,2735697
75,54,5282906
74,128,4576982
34,38,8288061
48,77,3345335
71,74,9392934
74,90,4172100
35,82,824392
37,106,618561
121,40,9518421
52,34,5707771
86,50,8040944
37,120,1675040
110,72,7898905
40,47,8387384
41,71,9304929
66,109,3006430
108,91,5479062
80,35,7808262
43,49,3295001
99,43,9179879
103,34,2005618
62,104,1916897
35,103,2077437
41,51,5394095
32,103,9727249
102,111,8193719
38,39,3119151
62,60,2602232
109,88,2059623
50,89,2021343
109,90,1164380
60,75,1407202
34,99,2569035
34,71,5708424
127,117,9662737
90,41,3227265
80,87,3128527
128,119,4368696
104,97,3173510
66,118,5686108
116,35,5541472
87,89,1740266
64,107,4438229
55,84,2770411
124,103,7835433
64,121,5260170
70,98,3589827
91,78,7449545
90,86,5766292
98,56,5739232
63,76,224489
47,98,9264598
124,102,6157332
72,60,9677430
36,42,3656783
81,72,462152
107,77,8954386
71,34,3251868
75,101,9985431
123,110,329083
39,86,2056012
108,97,5307469
70,58,7430405
83,79,7138478
67,67,6420535
57,98,3873157
46,85,4889177
64,48,641237
107,82,2934938
79,32,6181843
68,112,4516649
64,83,2781887
128,117,418460
57,39,486787
39,106,7619653
85,47,9860782
67,45,8701680
80,49,6392669
109,45,6929341
119,73,9865951
105,79,7501963
102,99,9361978
90,56,3715304
122,56,2243946
90,113,2468862
77,84,7970021
92,77,8271006
96,92,3413276
85,111,5926752
98,97,726361
73,94,1078930
100,123,6390076
43,47,300198
122,50,8568334
118,90,1701818
57,116,2844017
66,50,5978547
79,116,5315824
88,109,1141771
88,69,357492
121,62,3558545
77,69,9714052
40,127,6238548
53,71,3685662
86,54,4566257
62,72,5031708
119,86,7615712
81,71,4688615
110,67,9112164
111,98,836064
64,75,7181203
87,54,4277850
35,120,1696875
37,43,9479129
49,127,6596524
84,76,6779858
98,61,6314628
84,90,4367038
87,68,6821544
51,33,3023833
125,120,3004126
110,123,7166444
71,46,7360310
106,51,8394696
124,43,2363515
110,105,8134640
67,122,7381516
85,56,8515122
80,51,1287694
63,113,1731823
121,34,723082
94,104,1361614
114,43,6466741
51,66,6659167
89,96,367105
90,53,4102090
101,54,2501622
42,45,5444728
39,79,740454
94,32,1099518
57,106,7718034
58,55,9390193
128,32,2595847
68,88,8201109
62,33,7464082
44,118,5707488
71,111,56359
75,127,4395461
76,123,8857254
124,38,9010774
34,39,5887415
67,62,8726079
114,69,7119878
106,44,5982748
56,72,8871160
87,93,8805980
94,86,2693443
81,77,8278697
53,101,8890947
37,89,3949661
102,104,7119903
58,46,7365209
43,40,8132621
49,82,3817042
54,75,7799969
111,124,1106539
125,76,2373474
124,50,6831553
58,106,6270201
83,77,8444509
84,103,2748608
49,121,3079387
33,74,8386347
88,37,6611420
102,62,4453334
116,104,5666953
111,50,6853813
67,80,8699051
79,95,6592511
49,51,539659
47,76,2291437
108,76,3113704
109,34,6676175
42,108,7514709
110,45,2393790
33,46,8587457
116,117,3883802
77,91,5672230
93,111,9452731
125,42,1538697
93,92,1360750
75,83,35221
81,107,5381896
49,68,4529388
47,59,1010768
33,87,863753
111,82,6033610
71,33,4536389
113,122,4881107
86,94,1562582
57,114,261
89,128,6235836
112,76,5267848
87,87,7878954
65,66,5962629
99,54,3816575
97,56,7515764
74,44,9002233
45,35,552276
52,114,964431
41,101,3168564
50,87,9094586
72,75,5627522
115,51,471279
55,118,8668390
82,101,7741268
70,74,2318541
90,73,8057155
72,64,1850125
110,70,4789929
68,106,2912401
48,95,4786634
44,114,3410964
88,120,5606887
56,78,6910932
94,36,1393344
61,114,957286
33,120,1046429
101,106,9420439
39,96,6174266
117,72,6630192
121,125,4783479
67,49,818004
38,56,5364903
100,120,7799270
35,115,8549934
44,79,9088721
126,34,5056132
53,102,5866490
102,87,8367494
83,35,2332451
80,99,2009753
62,39,7996280
86,36,4487920
84,86,1823509
80,100,5635828
118,68,9124891
115,68,305037
79,128,685200
86,47,8845938
94,69,6972463
46,106,613948
42,47,3468793
55,106,6714716
54,100,1741993
72,110,7651347
77,112,3724559
64,94,3621743
43,119,9956960
119,46,9354809
78,101,6758913
38,46,4114565
128,109,5182167
101,124,7200929
80,39,8166758
126,87,8767188
58,69,1987258
55,107,2111947
47,66,1487823
92,77,4879774
89,120,4335089
71,128,5981968
62,46,9543555
115,118,5499035
66,59,3799304
109,105,5741009
108,121,7488283
86,58,4909032
74,100,4258181
85,103,4385824
81,113,394504
45,57,8276415
80,69,8026618
121,46,881555
51,69,6681896
71,98,6149646
64,46,8963361
41,81,7668916
116,36,5127122
128,128,8951309
39,35,6660167
35,77,7642443
45,49,3418680
108,116,5498719
43,55,864013
72,82,3515979
47,101,5289143
40,77,1104659
72,75,2840369
58,78,2563764
75,38,3381461
82,102,7179594
121,101,9173054
124,84,574935
112,54,9478858
40,88,1701519
73,91,5875894
105,100,6794399
127,119,5182359
75,79,501965
115,83,5967887
80,116,8266533
45,32,7505174
75,121,3185569
115,128,9333333
85,41,4863524
70,58,2186361
89,50,6650982
76,43,472142
102,92,8695227
107,64,617586
44,73,5753991
47,112,5703654
42,47,9337228
125,82,590699
89,42,6592172
109,128,1729456
47,36,5025492
73,85,5907685
75,112,8875333
87,47,6494871
42,120,5902911
63,34,1779191
88,52,4281568
71,73,4038634
35,84,8323106
42,73,8809417
72,126,1513599
108,69,6958517
46,36,4745332
126,60,5908709
102,88,6303327
62,93,9028591
53,37,7943847
122,100,2199148
88,65,1494035
103,62,4419658
116,94,142297
59,127,348761
92,80,3728847
88,103,2420012
88,114,7722900
49,45,1457728
119,77,2232849
71,36,2055662
78,35,1381191
81,64,8252501
111,36,7011276
37,96,3026314
74,108,1116201
93,102,8438438
128,76,3055893
36,83,402609
57,96,7974697
68,69,1479747
112,71,4255443
80,92,254434
124,68,5542921
127,126,3118220
89,107,9452929
127,103,9363535
96,66,5637699
110,34,3129129
37,88,3343241
68,106,2097178
60,43,2529363
37,114,5150855
72,89,5319360
82,120,7015331
88,96,5602818
120,65,4764662
59,64,5263183
84,88,2934571
48,49,8680956
78,55,7617113
90,34,3185297
69,79,2360505
44,119,9884122
44,74,454289
89,121,2872911
46,102,2318999
108,35,5748501
118,103,784864
113,33,3351305
56,115,7707714
116,49,8021834
46,109,2057132
44,33,3962144
44,65,3147269
85,105,9635544
87,62,5880620
123,55,947763
89,34,4044922
59,99,3690519
72,77,8328272
36,78,1334853
61,111,1193113
119,118,6664881
86,37,3979309
115,32,902301
94,122,6906865
92,52,2604373
101,81,3689614
98,64,7098841
88,105,3425793
76,123,6979518
118,112,6332812
103,90,4184898
101,88,3943327
47,67,3819892
117,51,1760450
40,88,8490801
117,55,7663493
113,85,2386179
99,99,3310795
72,38,9690412
121,123,2958375
69,110,4997385
95,112,6945848
55,91,5638472
117,120,4178612
58,92,7640192
38,117,5745452
38,64,388612
42,105,9868979
96,52,1942577
112,34,1748868
127,115,2401156
46,68,8604209
45,52,3070339
82,56,4843445
97,67,3341464
98,37,3235304
53,32,1532668
49,33,4085585
43,46,2563422
33,125,1199650
109,76,9714347
85,47,347321
120,67,7589244
114,126,4993457
81,43,5413332
104,78,2740149
73,38,4253522
55,115,7901647
53,52,2069767
123,126,9160550
77,125,9022501
78,61,1204089
122,122,8208110
66,71,7598297
106,71,2075512
124,128,6670797
33,35,7492198
69,105,8812592
121,111,1568993
43,58,7052605
62,59,2958101
74,32,2277353
89,73,3470406
33,66,9573489
74,67,2974256
99,86,873443
121,75,9807387
42,79,9868123
64,105,6254082
47,56,9058505
34,57,5446963
92,91,1920125
119,55,8223001
114,117,3746958
59,105,9976507
89,43,9141527
51,69,1739182
39,98,7422421
114,114,2890006
84,87,8478935
87,109,4754590
53,84,5437139
81,43,3472577
79,56,1902902
95,125,634666
92,70,5180196
89,32,7233434
62,103,1613546
38,59,7082094
117,81,159981
97,100,442023
81,85,8981891
83,69,5507610
114,105,5367700
103,58,8761443
66,50,3800365
127,100,2446120
86,109,2760689
52,120,4979908
121,54,5355252
59,99,3370588
89,67,7636670
68,75,649295
106,98,5284545
74,75,1426608
36,98,5128848
103,119,5421843
32,125,5096157
37,87,8444013
107,59,9676663
103,49,8343314
96,87,7816992
117,65,8641632
72,69,6054173
67,126,7841604
120,122,7837793
90,45,5891022
108,109,4752627
45,63,8352822
109,63,3158731
93,110,6562348
75,92,8565490
53,68,8766656
72,67,4257834
89,95,9180848
95,67,2839613
80,41,6255111
83,52,3826640
121,95,5762623
103,65,4792882
95,79,4677431
50,121,698967
42,52,401466
58,47,9532585
41,122,9893924
121,58,5442404
50,114,733072
43,46,921516
123,115,279626
90,54,2175797
120,89,9494895
97,54,686231
74,51,2147165
84,115,2368221
125,70,2008192
56,113,7223591
85,83,9239121
84,98,8774131
112,78,3184587
106,80,3583182
69,71,1621929
94,64,8991453
62,96,8952665
122,54,586292
45,75,476601
50,115,7474656
99,42,5759215
95,42,8113339
103,66,6822370
103,90,4490855
96,108,989548
57,32,1989487
78,99,1141736
114,75,6172414
117,55,3277946
70,74,2782940
68,81,538449
110,71,7903700
88,104,299593
79,63,696919
120,116,8987207
105,62,1478497
101,76,5474069
128,114,3168192
100,74,9313507
61,67,9733597
63,114,3596771
103,68,4368299
35,114,224961
41,92,5888506
110,73,4408033
105,79,8002320
115,83,1847348
79,113,129204
69,98,7323178
50,116,7368280
76,113,4452022
124,69,3953069
37,89,5234820
84,90,3413252
92,58,4737384
106,68,7278569
65,93,8885333
75,87,2504493
120,39,7455278
81,90,7549844
41,97,9341667
57,73,4224191
85,44,6343644
118,56,4296227
56,74,7689864
67,85,3757515
91,86,2477243
119,119,7601840
91,116,4408852
114,63,8175307
128,103,6436254
121,85,7452028
93,93,316270
103,127,2642619
42,59,7261308
111,120,97101
116,97,368020
65,48,6995723
118,58,7298630
118,87,546449
121,108,3494119
81,52,1390628
106,86,1551600
101,106,2537163
39,68,2229194
76,33,2055419
49,78,1655955
66,46,3685056
56,78,3974391
89,66,4617768
104,92,4342075
47,97,6119385
88,41,2263445
45,117,1754288
74,102,5003945
88,49,8594116
121,39,7691552
80,69,6553456
36,71,8965477
81,52,6458748
60,94,2833675
125,98,2240031
123,55,6952206
52,54,8091628
61,118,8795339
123,120,3893068
82,50,8272676
59,108,2913120
44,62,8771556
60,32,4630607
106,49,3183882
111,123,475745
105,114,5002193
71,52,2909221
110,55,7160419
62,69,9132299
94,58,8523479
63,57,1008273
105,33,8876120
47,88,6945999
33,82,8820188
77,92,7734955
73,67,3640513
111,90,1541289
58,84,2080555
100,65,9716229
93,35,8419019
65,58,4669202
121,122,4808412
43,124,3491405
60,97,3902740
101,91,4926871
99,99,578783
87,35,9822105
56,126,5576818
82,36,3852895
39,58,4874006
94,97,236110
88,88,847702
63,105,3632195
88,93,9843483
37,93,5183351
63,119,5714734
74,126,4199159
43,83,701064
67,37,758483
60,68,2001157
42,126,3116164
87,119,1601914
51,48,8023190
62,85,8866408
112,56,8817670
46,101,4260192
92,64,2088200
81,88,5944970
95,63,2210599
128,54,3848015
47,111,4070405
48,65,624749
90,107,3734461
84,94,7355750
53,80,8180320
36,39,6340184
68,105,7855978
33,85,8247044
35,110,5758600
91,118,9729465
42,88,647827
115,70,4201780
119,45,9126945
73,60,839022
53,55,1496281
118,97,6262660
62,52,4436016
46,38,7581346
124,37,823130
82,52,4015166
80,72,154438
86,40,2487220
72,111,6263511
77,90,2241346
93,57,1644180
44,89,5503225
37,50,8839024
32,81,3893160
115,113,9071496
101,90,6675435
57,57,3676129
126,48,1968385
90,107,1277959
64,57,8864294
105,56,3994744
116,78,8313832
48,114,8395967
42,111,7937687
101,118,2447394
119,99,7568917
84,45,5469601
87,60,8924690
57,43,6934278
70,59,5003471
87,105,1961002
44,82,88236
47,66,4521259
53,107,1801312
96,121,4674755
50,97,5865095
33,101,4153619
81,80,1822808
92,42,3848206
89,86,4920013
76,117,9186136
77,39,5026503
111,89,6249098
120,110,6897290
119,58,4789906
42,67,1019878
37,85,486282
127,57,9038816
43,82,8665464
87,73,1753847
67,76,1278162
122,39,1303602
108,48,9971667
100,88,4563954
43,102,2564392
100,62,6400893
116,107,4851735
87,99,1311479
62,61,7473784
51,128,2170218
50,67,6457199
94,104,7249764
99,32,6361256
78,114,2889496
33,53,3740939
104,94,7262460
123,89,3245289
92,44,4239556
97,127,9239187
61,44,1308370
89,118,4573963
42,103,3336183
121,122,9227297
40,94,9717642
104,82,6329757
80,74,4577046
41,109,4971315
68,44,6537948
117,53,2213160
51,40,452623
63,50,2877511
51,74,3392811
115,40,4969367
102,61,5670000
62,77,9899399
116,83,6595879
83,113,7248553
65,58,5250789
98,66,4813459
63,92,9709391
109,97,5716144
61,42,9360332
88,95,9270282
112,69,4481641
122,114,462252
68,89,959979
95,115,1887675
112,66,4100988
120,43,6302773
112,42,8489792
48,33,3603398
77,98,171395
89,55,2127716
120,60,3741785
54,123,6138819
80,102,2688258
98,56,6308712
36,68,1071573
63,46,5265701
90,39,7990052
103,74,2329125
86,119,8283403
32,33,4713744
93,102,4123148
119,48,2214144
113,76,3888418
88,119,5589588
126,58,9269772
98,112,4840561
128,55,5775736
62,114,2504669
69,33,8256073
103,68,6200933
84,126,2571781
44,97,1590498
75,83,7344347
124,89,7749244
98,85,9097542
50,92,3267763
82,124,3679081
76,110,1474976
127,107,9284941
59,62,3289826
117,119,9603676
127,42,9068060
58,81,5502785
121,110,7549826
103,96,9708769
110,37,7362550
61,82,5957962
115,114,2906150
82,77,1817194
60,37,8528044
110,48,7049864
55,63,3445900
113,86,1720835
60,95,4929742
32,49,3500853
117,99,2880427
43,70,8571990
65,77,7430204
123,56,2337150
79,62,7155054
38,93,8027708
127,74,1794346
106,67,1711344
82,61,5291226
114,117,9462496
79,99,8912970
38,122,2973100
103,80,1705079
98,43,290221
79,116,7120883
87,58,3642701
127,41,3388245
90,94,3076999
46,125,8331979
34,52,3782250
77,40,8262259
106,104,2265659
105,125,9804704
108,36,9649136
55,104,3765679
122,44,4314732
76,51,2306125
74,80,3239748
37,65,3089014
108,71,6822345
118,37,7262928
81,116,1079337
98,79,7269834
72,104,8116609
68,68,2770252
81,119,792803
84,117,2904234
65,32,6213633
120,58,940344
54,36,6545968
110,128,4664520
118,55,1852192
93,79,1568204
46,40,2915045
79,82,3646798
38,70,575151
104,37,2647832
97,52,4161178
54,71,4517627
43,121,4917849
112,91,6010844
43,124,7396966
47,34,1416039
104,94,1847817
109,59,5116891
101,112,7344953
80,55,2749435
106,79,5093791
57,105,9952558
58,71,1435260
108,107,806970
67,39,7782863
62,32,3315921
92,105,1887600
82,98,1370424
58,96,4647659
76,120,49304
127,118,1525577
96,119,6287379
77,85,2117008
44,47,8523649
91,69,18376
107,67,4564772
86,93,6731239
64,49,7430019
90,81,4334906
53,45,3678886
108,108,6104906
40,107,7119246
72,88,3311904
55,100,5646904
126,80,9489979
107,38,7033410
119,61,2683419
100,84,3592978
49,70,3969609
107,89,7010358
87,71,5954039
123,66,5644897
89,79,7738278
125,111,6004131
77,108,966792
71,65,262299
97,104,8793443
49,109,4409556
128,36,7663031
87,119,8267546
119,95,3805061
55,100,4902628
43,34,67216
108,118,6924393
117,121,6594228
94,112,810298
76,37,868291
124,117,8286314
98,71,2669784
60,48,5301584
75,87,2213135
88,46,8769403
53,70,6786007
56,56,230121
44,34,3681708
103,95,3565393
71,76,2450510
109,36,2722805
55,69,7371044
99,72,8873996
127,78,1207037
48,93,9336191
100,35,3464334
38,70,2737934
112,98,193946
64,66,8128865
114,46,4244126
66,106,5156435
69,79,1000416
35,91,2004060
60,108,3198074
63,41,9947799
109,36,6328683
116,59,761999
65,97,3935300
70,84,3481586
32,109,9670868
51,66,1760477
44,68,1675893
114,41,1761235
53,77,2808576
99,74,3313641
51,48,7136181
109,54,2348617
74,68,7124308
86,59,5181003
50,86,4615978
117,49,9635447
36,33,1849924
69,118,3640581
42,79,9043385
91,41,363361
80,104,1148942
82,114,1165937
36,105,2635640
67,38,5117169
119,66,3786591
94,93,5952223
79,118,4250065
84,68,9282361
75,83,9253601
109,70,4565265
39,34,3598542
73,49,2838961
103,33,4306355
66,77,4541047
34,70,9122223
42,125,2908994
117,111,3336377
122,99,3233152
32,62,9014767
44,81,8054054
35,98,2482328
47,92,2240774
110,90,578417
61,61,2296511
96,117,8929621
86,117,919906
38,121,4832341
107,85,4381193
79,74,8714648
85,33,7307618
103,100,7819417
70,115,5837241
116,104,9868928
75,119,8801112
85,37,6959447
116,42,3190814
77,77,9323668
78,118,5931314
121,105,3280549
110,114,4793550
77,85,9953743
82,81,4919266
108,49,1932858
62,72,820553
115,34,1095062
79,125,587348
109,84,1859564
112,36,8287972
119,78,6692713
86,100,9564738
86,41,9383920
79,93,1288366
82,113,1707637
103,37,391525
116,102,7525585
76,34,2055727
71,66,9371551
99,114,4291287
112,95,5467088
93,113,2619642
128,52,5484958
88,123,2470480
58,33,2007768
83,109,4578638
98,107,4841292
54,82,8209834
109,56,1409614
67,44,7294503
98,45,1824930
112,102,2430251
45,34,1912319
99,126,5717366
55,38,8444611
99,36,2459332
94,107,8036115
90,116,6793996
64,87,5986409
124,94,3865202
122,43,9177364
116,71,753208
69,67,3805931
123,39,2839660
49,57,517130
98,41,9543526
82,78,8964710
103,98,3029913
116,115,1354101
59,120,700917
122,34,4303446
106,82,4877739
123,78,9072464
82,41,8847268
70,47,1913655
41,93,8875926
90,116,8823584
47,79,8187635
105,38,9766511
99,95,4340136
81,70,3922122
70,89,1860462
38,93,5578877
61,117,3221550
79,116,5975999
43,72,7325962
61,128,5312313
67,64,2873733
68,37,9827860
51,69,1080114
94,105,8505737
99,115,1721158
75,45,341581
59,74,9866555
54,79,8844659
62,64,7773890
57,96,3304923
46,77,6784084
102,42,8110754
117,73,5034267
123,93,2927831
67,90,460420
116,35,9826150
52,78,8177977
58,74,5093214
94,40,8197400
106,69,9942952
100,80,7681060
112,50,5236222
79,32,7936561
116,68,2247165
53,76,8881147
103,39,4025823
56,110,9502500
111,58,3576532
74,61,3897495
68,81,7866602
39,106,3594481
114,68,174019
94,103,3118572
44,61,531009
45,126,1695991
98,44,9251630
70,90,3669847
45,103,1261261
126,53,7044112
109,118,3838128
83,79,362657
63,37,2311633
59,102,7358998
42,66,9865447
43,126,3132513
77,40,9431513
108,64,7687770
119,70,6198327
32,54,4137419
93,125,710120
93,110,4157195
38,82,4479045
49,62,700397
67,84,815693
57,107,8753733
79,101,101084
56,34,115216
103,74,3852093
90,105,9916147
60,75,6430072
41,116,7818285
44,115,1416567
123,61,8296107
83,53,1819665
51,91,9651580
127,36,8879321
74,93,2726830
49,79,3117259
52,92,1748254
53,74,2746827
98,110,7388833
35,70,894644
36,96,4423507
58,83,5445146
84,33,8272055
120,34,9568311
88,74,7197487
90,124,515656
112,115,2617372
111,83,7667273
36,118,7391834
49,72,4971740
110,128,4724497
118,63,2970394
123,122,1139471
35,112,6767257
79,101,5614281
115,58,7323613
124,34,6793662
123,97,8959023
89,119,9932229
32,115,3656160
67,95,9883059
101,58,6085575
124,86,3467887
56,46,6684493
68,104,685063
88,53,8072301
108,85,6300852
39,64,5872257
39,95,8748020
85,59,5634572
93,119,2973334
80,90,8343651
112,40,6128267
43,81,6784214
76,78,1245882
99,40,8551246
117,51,2689168
59,80,662823
116,72,4661375
88,79,6396890
101,126,4929782
85,90,8984211
34,114,4002990
86,92,1994314
34,109,5950869
109,96,9915892
46,38,3097227
38,106,3278370
92,128,99801
83,118,1783730
128,111,6196760
90,124,4282629
84,41,4914610
120,79,9262113
39,127,1822909
103,115,1389458
127,99,4461337
113,99,6465562
121,100,9459006
54,82,2612054
77,62,3299586
81,111,1081285
119,77,102890
94,110,2527106
64,86,6601526
88,72,3082433
115,48,19362
88,58,1773503
49,94,8680130
112,114,4570000
62,96,5128468
121,82,8724059
63,83,6711631
55,64,3889398
52,105,4508510
123,111,4135365
99,128,9004049
37,79,807418
33,45,2086530
112,66,6119109
32,122,4102150
107,72,2493600
100,42,8388732
62,82,6432819
117,40,9326494
93,103,4191900
126,37,1101725
73,90,1478980
92,88,624051
60,77,2727645
33,123,3524530
41,45,314376
126,72,2177813
55,79,8920150
50,64,7203891
126,81,8154117
100,122,2483854
66,120,2553666
63,52,4089181
39,32,5736802
37,34,4392044
47,78,5282384
106,114,8083144
62,93,3834948
114,89,1203869
95,99,2019040
37,50,5717012
112,105,2277585
42,85,1087392
61,102,9690082
44,106,8617938
128,70,7027682
56,63,1702598
48,48,2235326
93,109,2386267
121,122,2108503
43,100,1504721
52,79,5826276
90,104,1037306
60,87,909801
85,49,7612542
60,126,7456387
103,59,9593459
97,120,5368146
123,121,1756436
50,40,1423766
52,43,9427006
53,103,1112587
121,124,8753676
122,56,9161254
58,79,667457
108,71,7010161
91,42,7431179
60,36,7659771
64,92,1540406
43,92,2271221
112,88,4912941
55,121,9308135
54,122,4628110
105,34,2492623
67,77,4193688
76,62,7964716
113,90,4370548
80,110,2073600
98,53,5354085
57,120,4262982
49,40,9611689
115,60,5035591
36,81,6816190
55,37,208271
128,104,4147526
64,61,2695295
51,107,6732435
82,73,6246598
63,125,8536011
120,108,6460447
93,81,6241316
80,85,793076
121,55,7213221
78,92,773655
41,41,5934884
94,123,9988898
53,125,8092193
77,44,7088582
100,37,1671452
102,49,480748
52,66,3831877
88,116,2183551
60,59,1841739
107,92,4744289
53,61,847533
66,110,4490813
104,113,2146876
68,39,7381447
100,128,2086892
34,67,9792843
98,35,4118330
50,40,1907978
39,124,4029855
48,98,886860
93,36,7970185
70,105,9996891
75,56,3541100
114,41,6107352
67,55,3278485
53,86,6160768
53,81,7767368
128,85,6664373
115,128,6020362
82,99,938729
62,110,192801
71,64,9216606
90,101,718765
125,80,2935155
114,38,4414661
120,34,6860214
101,96,9211743
102,69,5922862
124,86,2278416
95,85,458667
73,50,6710160
105,74,5235023
36,125,5278161
43,83,7038898
54,65,2785721
118,117,8316262
41,78,1352658
55,59,8764340
47,114,2747762
86,124,5001170
128,37,3661284
40,82,5134748
66,32,6349459
116,109,2968567
101,47,9283378
38,72,8728276
91,58,5050732
111,85,2437520
78,92,6555965
87,102,4848633
105,59,9483852
91,35,4508694
79,98,8346006
79,92,550040
128,114,5450093
48,33,4083791
90,71,8193026
116,34,2224733
93,101,3205645
115,109,8582938
120,70,308958
50,32,435281
70,70,8534043
71,77,2153190
67,78,4155393
60,72,3250937
64,94,3915623
91,38,6570620
74,70,3498563
37,45,3843310
86,111,8316025
62,83,8591709
34,116,8993668
114,109,9420275
106,60,168307
99,115,462870
42,81,9602679
112,58,8993735
114,123,9220948
92,128,7894111
33,118,9406121
86,78,8910611
41,122,1230241
86,101,4272535
128,63,9912249
76,90,236090
62,87,8808857
128,47,8746197
112,85,754233
74,52,5107310
90,126,8704777
122,107,4320474
85,33,5078363
51,59,237205
36,47,474388
62,119,823294
72,32,5773958
110,88,5699026
73,43,191381
74,126,8928088
74,73,7397184
65,45,6195095
91,36,5209225
91,63,3944503
99,112,9187998
115,70,3286635
85,93,9228334
117,48,1228161
113,94,2103159
81,38,2523327
58,109,3514062
54,41,9857187
91,53,9277854
106,55,6385991
90,68,9549289
48,41,6767303
125,120,944038
34,67,2623447
78,94,221735
49,46,4148748
57,32,8582893
49,92,7650562
66,42,1202690
73,40,9503717
114,48,5620830
109,69,5845693
117,123,4656873
110,126,4338847
98,37,6099817
98,108,8692393
58,119,1226173
127,41,9381807
121,111,6947093
78,54,3309459
37,104,881121
86,37,3107321
119,54,9441727
75,84,6190912
39,101,1260062
62,37,5024591
85,107,7934075
54,51,4414881
120,100,6649690
72,53,3183861
91,56,6989700
55,49,9164656
49,81,4688279
72,61,6369565
86,70,4753918
110,121,9866419
95,81,8528849
32,48,7105695
75,55,4596928
66,118,4255673
123,34,1736178
56,83,2441619
90,107,8551026
98,47,9254085
86,104,9606454
33,81,1182169
101,106,4313239
76,32,19240
51,67,1134724
104,109,3641135
48,112,6914212
38,68,4159634
47,96,3480591
46,34,8101904
43,59,3150724
105,101,3548264
98,126,6056186
61,33,3444802
80,94,3571260
73,44,1274550
43,95,2712408
123,61,3969582
35,57,435336
42,104,9887288
69,79,8285461
51,41,1906669
38,121,2810109
113,81,3914432
67,128,4016667
53,57,3895839
63,103,5070965
128,125,2476717
94,49,6418337
63,127,1398432
100,71,138235
33,116,2782024
75,53,7169723
54,83,711218
58,56,6951092
120,127,9018228
37,39,9257364
40,96,1984066
43,73,4911894
95,55,9006631
61,115,5514912
80,114,898866
108,104,9567005
89,58,6841988
110,32,4426703
85,89,3555937
57,70,8456500
96,109,5497801
127,89,1691606
112,72,3727351
34,107,6073785
79,89,8718540
128,38,8708686
93,93,2878655
101,74,3201841
123,34,7816976
117,128,9968131
70,91,5616701
60,73,8296776
122,34,7844937
56,80,8509154
85,128,1999553
94,54,8925294
72,92,8566989
83,127,3626542
89,75,9937245
47,85,4482070
100,94,3490786
92,45,7732618
33,88,3202595
64,51,3766441
128,48,8129382
85,64,6873620
111,33,3323429
60,91,9914661
59,66,8135051
69,83,9409988
81,57,4698391
85,87,4963133
41,45,6923552
64,83,3548854
75,108,415764
53,57,6634534
40,67,7580044
125,108,2745437
84,71,8510483
63,126,9567660
53,69,1111965
79,116,9481658
42,81,4111124
107,41,6078780
87,85,4938851
76,48,779164
71,116,7716747
121,47,3486227
118,56,9253775
68,82,8616189
52,81,1485763
84,79,4966241
98,89,7386126
108,119,8527149
67,111,9271096
107,33,4208231
32,123,4387027
77,78,4449147
66,127,446612
125,99,5853021
95,101,112666
83,126,1895981
59,58,1427818
65,67,7329264
122,81,4529460
41,99,485569
114,128,317460
102,39,6701008
88,103,6210191
65,55,3484403
108,94,6049055
87,91,2186007
88,51,5791235
99,35,5546725
94,34,4486700
51,120,5047941
114,100,2076597
108,88,5219339
101,128,2246770
106,117,311547
80,60,8834739
124,34,3131160
113,70,9428164
78,103,5926749
74,56,7044374
92,41,9628513
74,52,8934422
107,71,3968249
125,123,1457518
74,76,5777421
66,37,6624404
109,40,3040587
89,47,725819
68,112,1917050
103,74,1270100
51,42,8800272
97,58,654291
101,110,577679
42,64,9836341
96,83,2595932
112,90,8318525
62,114,2563304
80,121,7396734
127,49,5477161
125,96,1896436
63,67,8691444
44,67,947240
55,60,9184008
42,86,1755838
98,97,3581566
64,127,5268517
54,66,6487672
35,86,6041240
62,108,7916146
77,128,7717588
82,48,9481162
66,38,4808004
72,108,3567417
95,118,9768375
79,96,3392323
66,58,6617824
66,37,7323405
99,79,1626819
96,47,4646869
34,116,6709668
59,67,9933951
128,110,564408
79,79,9625176
108,36,1564689
46,51,6547941
126,60,2413867
60,71,6691619
37,113,1949243
104,99,7782593
126,48,9205554
70,78,5248774
52,85,509638
114,60,5390302
111,112,6218953
43,36,910437
43,47,4071501
124,37,7270355
112,95,8131852
46,107,1279571
102,87,4596187
85,124,7543832
73,76,5933983
39,107,4710045
49,77,1924721
124,45,6678758
73,53,6762122
76,95,5886667
59,105,8820578
70,94,1798326
38,93,3715152
122,74,3825607
39,43,6067362
107,69,1669110
57,40,3552639
80,57,6648121
46,86,8708762
85,45,5388285
89,85,2780597
118,33,5979043
77,73,1394458
126,121,1689408
82,60,81322
35,78,4320954
96,116,9693809
57,38,6167565
41,74,1724258
83,81,7552522
111,96,3044696
34,83,7812672
57,99,8272029
60,101,9225995
38,41,3486867
125,68,2076003
77,34,435680
102,97,888608
92,116,2847326
42,64,2595059
57,96,6815930
74,86,6469645
73,111,4992341
43,115,9983769
109,115,2282012
63,99,8937013
37,125,8223926
93,77,8853214
106,46,6321792
37,67,4740698
116,43,8952326
82,87,5878811
89,128,9898867
100,87,4197774
54,47,4345062
46,127,5369782
40,123,8595104
34,36,2830232
64,111,4298876
45,34,6502421
88,37,8700827
45,94,746558
118,114,2630801
55,97,8736246
50,33,7247108
79,94,192168
96,60,8965467
72,121,1797741
84,83,8965003
55,126,2823380
70,123,4828033
75,41,4611235
121,72,1891900
52,59,1557734
72,79,2852251
38,74,6494742
117,58,1074923
117,45,9443701
92,122,6584832
109,52,4877963
98,86,2435258
66,33,5654339
102,128,6620275
63,78,152232
63,76,9756486
120,40,7122783
43,42,701999
56,125,2377560
53,46,151554
88,70,9129948
91,121,6506716
80,71,6783119
50,117,9180960
91,85,2739692
52,103,7252240
53,100,3955543
125,104,7844060
69,108,2952182
65,61,7879309
91,46,3920650
71,92,7019664
84,75,3755022
81,128,82472
62,71,2385025
61,78,5909863
117,70,3886879
92,104,293078
55,61,3762675
123,112,3327595
87,38,5056567
61,107,828939
74,57,2256252
125,102,4980319
86,50,3615460
45,126,7942863
52,76,9634013
87,56,6033225
57,42,2123876
89,70,6250206
51,40,3706464
121,46,7408542
98,124,7460218
66,64,8592693
76,88,1715227
86,71,9753898
45,45,7000015
124,105,1406364
71,83,7520288
69,98,6221170
120,61,1578363
45,116,7486411
68,83,5751697
38,92,9097778
95,104,2514356
75,98,2497503
42,55,5536603
50,126,7391145
104,106,3253675
53,59,81078
109,124,3655913
74,49,9937218
85,109,2591764
113,109,1891008
76,49,9917221
52,61,7523581
115,51,6986977
89,118,2970027
120,32,4019075
93,98,2598780
60,37,9138496
99,62,8610709
120,65,8474793
51,94,8144159
105,72,8424500
75,88,3741488
62,114,4658573
59,52,1458935
122,88,11536
34,35,3694148
101,41,4019666
71,69,8105581
106,107,6206142
52,96,1037742
79,114,6824600
53,89,403884
100,111,3637065
120,61,4468960
42,32,8316044
58,43,4585235
115,77,7305429
113,59,6985629
57,109,7416516
121,96,1901532
87,32,8989584
89,97,3968271
101,86,4844690
64,96,8475026
53,57,401096
35,78,6774639
117,67,870408
116,100,6113526
69,85,7892959
51,79,8450678
116,52,3729470
62,64,6488297
107,62,4426524
45,64,7968431
61,48,4939742
104,109,3494612
103,106,3323137
89,93,4616305
62,108,9932172
113,34,4238972
123,107,570726
70,81,9286643
103,61,3307957
71,45,955913
57,90,4007746
119,53,2837099
105,76,6435914
125,97,640718
106,90,5418227
103,93,6677646
78,106,1856018
54,90,1850107
32,113,7226993
57,82,1685437
86,83,7580132
107,72,966889
66,108,4519257
34,73,9558356
32,124,6758074
124,79,8854370
126,66,5630912
119,52,884512
66,92,1561475
52,94,9642471
98,83,4109359
94,100,5617827
33,84,8634926
36,121,8055480
76,84,8176744
32,111,6172702
62,69,3475825
119,109,2665517
66,39,9036122
83,34,6897420
35,61,8180050
64,66,6448729
88,51,5887553
119,94,361099
86,71,4992460
69,124,4419746
125,91,9799531
75,69,4363825
58,75,4394385
44,64,5695120
33,72,8648954
34,108,4243986
63,82,1490051
60,96,5328105
128,93,799196
68,84,6901100
124,122,3187479
91,58,2272582
115,101,7364812
121,121,5800193
39,36,2111341
37,101,5407855
114,118,7257937
107,80,113452
90,116,7396259
44,53,1572199
107,112,7913379
43,39,2756333
91,107,7646142
70,118,6680654
108,33,9807887
51,42,2730784
86,33,7023545
86,84,6206675
52,96,7908760
75,36,2517998
40,52,1868871
39,38,829725
108,45,314437
33,40,7648829
116,65,2888764
43,87,5535429
96,59,2292168
35,116,6400394
81,35,5509204
44,116,3928771
112,101,9030221
61,59,4725617
76,60,6856806
81,121,3270618
122,46,2947717
52,87,8834383
110,59,347778
77,93,8701687
123,117,1709924
106,114,4707882
119,128,1854862
47,107,3774002
78,65,5012038
62,34,2551299
111,45,3354456
60,36,3713454
80,103,754178
47,40,8930875
63,123,7709420
89,127,7685024
122,33,2042405
107,63,7760616
54,98,2427098
119,111,8346517
124,73,1092982
76,101,3218117
111,124,8553746
124,111,5602690
37,116,1763524
112,72,277297
91,46,7457231
46,117,7274693
56,32,826968
106,89,7063706
49,61,4899271
45,115,8955993
101,108,3896577
111,85,3977425
128,53,2285821
58,67,1190026
78,112,4904449
49,83,6103739
40,49,8819011
56,90,7495242
87,43,8980974
88,45,4703148
61,58,7480210
78,69,6805962
101,61,6223076
40,115,7850244
66,75,3493756
78,122,2503002
82,127,5826978
123,61,2630357
64,93,5400787
98,96,1203116
108,67,7205276
82,95,4239880
118,109,4872163
75,111,7110325
74,76,4982332
113,45,8237806
118,93,6150393
118,109,4350218
66,67,7972508
45,80,1714644
126,35,5389090
84,88,6490784
50,52,9863807
111,93,7746544
85,69,7084775
62,95,3951097
100,37,9071896
74,76,8695962
41,74,5594338
64,66,2595156
105,87,1947316
56,74,5222541
48,110,6288039
92,102,5883175
94,100,7924331
78,96,7437633
50,52,7842101
71,42,8048594
101,109,1954896
75,101,7042812
68,52,5096183
88,37,8793282
36,97,6308094
73,73,7127283
64,68,9153079
90,44,9200889
69,37,910360
55,38,464185
56,128,9364906
42,45,619239
124,118,1884296
109,114,5463846
38,109,3190984
87,39,7386790
42,88,9158858
122,96,2688745
65,81,8614068
96,96,1345033
77,109,6821216
39,74,9861238
44,46,5666032
85,104,6968815
74,64,5726297
101,77,1571341
36,64,3869463
124,83,7477334
39,51,7797105
107,97,6703768
77,95,5721989
95,67,8279187
85,56,543178
63,108,4291210
95,116,5307418
108,78,2905095
100,111,8829359
104,122,5037170
111,57,6146060
105,95,7998235
41,76,1427940
85,53,4746352
80,35,1117762
96,83,6375347
81,33,4024768
38,34,7976679
54,108,6293354
37,66,4585899
45,104,8785369
122,67,490416
105,113,8070804
114,125,8719921
63,73,4497781
103,39,2091107
91,64,6597021
51,115,2548957
63,123,9336120
104,34,7673141
127,65,912777
95,91,83809
90,48,3241172
94,93,3448097
58,110,7434265
36,55,836018
110,40,8551157
40,70,7004618
83,79,7927758
79,127,2344881
84,87,9015125
84,71,2087203
50,34,6451645
57,98,1755484
44,118,3375395
126,50,1751532
109,114,4469950
85,32,8441217
93,101,7553925
111,101,8896177
58,104,9829052
104,70,3159298
108,106,6985625
96,94,9309185
124,35,4426061
74,60,825582
103,77,9545363
41,35,4316377
95,60,2569045
67,112,3665430
56,101,2889142
61,33,6970350
91,87,4015912
40,37,1462169
33,91,8769746
79,88,3785430
104,120,996592
114,57,3415360
113,36,544082
68,87,7337063
121,51,8407974
72,120,713356
90,92,2290945
127,115,6258867
46,108,3192700
57,116,5249307
99,114,7840698
98,64,3108995
123,89,6619011
105,38,5834793
41,56,3289444
41,56,4004822
57,126,3728135
112,71,8331265
95,51,1779852
125,74,7485664
36,103,2685513
69,99,2473089
79,36,2525582
81,78,2942654
52,49,8909484
44,85,7677072
120,70,2760465
77,34,935702
43,91,3233956
82,116,1228923
90,92,457266
39,66,5750397
85,41,9926681
78,105,6614545
49,126,1170785
52,85,7078455
108,66,7603629
76,50,5313133
104,73,931710
78,60,9042768
40,99,2169899
58,45,6132596
115,82,3421880
126,84,9716239
68,110,9479696
74,60,2688273
59,112,8758713
67,115,5111682
80,95,6461411
68,100,7606178
127,77,7566273
42,70,9124116
107,78,1457904
34,117,8561580
64,33,3594115
114,73,7777238
47,32,4615181
125,111,5428627
40,107,2553118
55,83,5782399
54,86,1313036
74,106,9238729
89,35,2053758
32,120,102529
70,39,2028679
43,50,7427488
68,74,4256605
47,126,6027064
120,58,8146102
119,114,4307018
119,122,1889937
73,58,304939
83,72,4583316
101,34,9237857
83,57,2984072
119,84,2815463
38,93,1545704
80,126,3931360
75,40,3526734
127,126,2229243
101,50,4893982
33,108,9740376
42,41,1837570
101,72,800955
44,59,6978923
116,51,8844408
79,115,7616247
86,53,7760054
40,61,5647009
92,115,9805834
55,75,955849
70,67,9000
48,76,3116964
56,125,8096575
64,69,1678847
60,33,3634751
55,114,3154872
78,51,8615507
64,52,9871373
124,33,6947596
44,54,6966771
112,45,7891720
93,111,2661062
112,106,7972634
36,54,6763618
64,55,401103
109,92,2438674
111,65,4442880
63,112,2009043
53,60,7563427
68,83,5016560
54,115,7612538
62,108,2303819
69,97,4428817
75,65,908695
65,42,5488592
112,79,800927
73,33,4392260
66,73,7864289
36,117,5438227
117,60,1670633
53,67,8885860
108,115,9432228
103,92,13000
127,94,6610077
123,124,1580243
71,104,7658142
50,124,9046505
72,103,5331906
105,57,8157605
69,78,3630282
118,38,8980289
112,75,7453592
74,54,5861332
60,128,4644001
55,87,3185164
108,45,2496893
72,120,1283801
66,91,1767590
128,114,183535
110,80,1160695
54,107,8969130
66,57,9547161
77,97,1005340
52,104,3145644
115,87,1918484
44,83,4773458
95,58,8819723
108,62,9821954
123,61,2744457
51,110,6192283
74,107,8247296
48,60,3189480
89,105,8861906
51,128,7701269
115,107,775628
58,80,1530883
60,45,1445421
115,93,4533114
94,34,6993531
95,88,5325535
85,103,6962136
43,56,5965913
59,32,9431952
55,94,8166740
117,94,3135854
94,97,1680422
92,101,9829733
39,42,5033100
101,67,1888507
110,86,7787216
109,54,3614300
85,105,3676522
112,107,2391861
38,84,2619822
68,48,2003210
74,48,449397
33,115,9418459
111,102,9446077
36,70,3423063
93,44,5709761
119,126,7320216
104,95,4675836
58,45,192630
123,91,1197340
72,121,3207580
86,93,9388943
39,72,8249047
121,96,5236527
77,120,9751817
111,51,5109608
59,64,1132024
32,120,9086542
116,86,2645340
66,115,9999385
56,85,1580561
66,111,5378769
81,97,4786753
98,88,7592079
107,99,2681767
51,48,848029
53,66,5194548
100,121,1281242
35,124,540232
60,65,3834644
104,52,2342158
56,75,279497
47,42,3134828
53,117,1294882
35,67,5674600
45,59,5257464
82,61,6366427
79,69,5912911
44,102,4643966
122,126,6223992
108,98,4119966
45,104,3177763
103,75,5400040
57,94,3828717
51,53,8684811
88,67,8524883
94,71,7067468
82,36,9667001
33,46,1790957
100,113,4800310
61,125,7378797
48,111,2118314
82,70,5499497
47,90,6120578
110,38,718536
102,81,1078020
122,121,3766199
81,127,8020733
46,71,2836177
56,60,246725
84,38,8325359
116,80,1583313
113,60,9167131
126,85,7262751
114,103,9362774
102,59,4516061
82,35,9043566
118,99,6143110
78,78,2830246
117,41,841313
109,113,8005197
104,42,4577424
72,99,8191662
128,126,9528215
74,107,1918027
37,80,6706755
34,78,6107079
81,42,4816275
123,76,8355277
44,61,511481
42,127,9711085
80,98,9489278
107,82,9072037
71,76,1919168
77,41,8349605
90,105,2966344
98,54,2305459
75,73,1383493
82,68,9293261
56,100,2836674
44,48,9758208
108,45,9484416
69,118,7875418
36,100,2271031
34,111,4390085
33,91,6313068
126,94,9237060
74,39,4648843
93,97,2494459
113,53,9760753
84,68,1254963
90,42,1983676
49,87,5256886
63,44,4842504
112,73,2682802
50,77,9998736
77,65,9667646
110,70,5229627
43,75,6215001
94,103,2103439
96,95,9833681
89,73,9032165
127,44,5220678
96,72,9315951
94,107,7171234
39,55,409824
120,117,9951978
63,128,4309623
88,77,7123611
121,52,8782225
44,74,3049981
76,59,3270414
95,97,7519915
121,58,7835869
71,67,3545857
92,108,5134275
55,128,4489012
98,85,114245
79,104,2383458
59,70,4186797
120,46,9689030
68,110,4588191
114,91,7534317
59,125,8887799
127,111,179907
73,78,8463348
48,68,2007036
90,106,7198791
42,78,6466087
45,103,1222560
69,113,9016636
67,87,3915416
109,100,5962440
51,50,9900435
120,90,1018319
125,54,1016358
122,55,5831444
85,116,4133648
67,100,2320790
77,70,4174
55,122,5374019
117,46,7378234
64,124,9157663
125,120,4807487
67,106,1268837
43,72,7502883
84,36,7875065
125,52,2580776
53,100,1553141
98,85,688328
47,116,768996
51,101,8425517
78,37,5489038
43,44,4572532
41,88,1006320
32,92,3747996
71,126,688802
50,45,3130919
95,93,6947334
115,47,4106694
104,33,6856138
95,56,7971914
42,85,1723870
36,66,6103800
119,102,629649
42,69,6064568
66,76,5719353
93,54,8801572
78,71,4164470
86,85,9704128
72,105,6471183
117,39,1133942
56,70,2452444
74,90,7003712
41,111,7462459
43,118,8893089
49,82,5579983
55,58,6286092
103,111,3944191
74,71,216723
80,61,1870096
49,119,1225006
117,36,9138026
97,94,8597255
107,45,8064655
105,128,5009937
44,61,9373672
94,66,1059896
90,41,9046504
63,118,5552124
115,91,3355637
100,48,1123128
101,66,5904570
116,67,9600165
42,104,8214490
62,53,2851414
38,74,3485476
75,45,1754962
51,77,9098708
120,122,3058220
48,61,8248324
36,82,5828030
48,35,7723785
122,105,4568055
78,61,2540362
115,124,1609951
33,63,7485966
124,48,3942545
115,52,4669359
83,127,8415716
109,84,7158592
60,104,6592441
128,97,152318
76,57,2180145
33,69,4022722
70,95,2563228
57,44,1379254
121,56,1219262
66,99,9829960
94,44,4137906
98,86,1896392
86,125,817787
94,51,5245606
86,67,6672303
57,51,8911888
41,35,262454
119,124,8917672
46,90,4422426
57,119,9503918
117,86,4429316
50,99,1409826
110,52,1750440
124,119,176345
97,41,1517473
74,95,3629037
94,75,5629220
116,126,3160654
120,113,3033316
70,117,9440476
94,124,7597141
38,92,1010848
116,98,475873
106,74,4330244
101,64,5136883
69,57,9139604
108,104,9829346
81,57,4768760
82,92,5035940
64,102,553705
37,76,4033651
40,119,4778960
71,94,5742698
57,105,5603834
103,40,7181208
117,89,2567646
48,123,4709854
91,39,8977322
124,36,6937620
92,110,8307739
71,99,1762973
92,95,6179873
125,119,4523942
48,58,559442
66,97,1824267
128,66,3203878
58,92,7523949
60,52,6423511
92,97,1362152
54,128,9336247
128,46,2005534
36,68,1509508
99,98,8255271
123,114,4669168
107,100,5030228
111,100,6498775
114,60,3433918
118,38,3655673
42,127,4855799
68,93,3414984
55,59,1037921
54,35,9526631
100,106,3163969
70,54,7061527
63,122,2339969
50,99,919031
83,83,7752730
113,39,8548764
56,74,2877795
48,66,1476628
103,118,7769680
54,69,7955215
92,57,4969764
80,57,294103
89,42,9890873
84,55,3936130
67,120,1679692
128,65,8754634
46,59,1387993
89,104,6143811
108,115,9499116
128,91,6167735
127,101,9697482
116,33,6337622
40,46,5033578
73,92,6694449
68,114,8211175
112,127,7016217
39,90,8388122
125,100,1861084
103,107,5818868
54,84,6813657
102,41,3582830
109,97,2233833
62,107,9658117
56,55,2271249
109,64,6695
51,46,5661404
83,126,5670559
80,98,9949403
92,72,538220
71,94,6923342
96,104,6226480
36,91,1517724
110,73,965735
51,57,7633076
127,67,8234201
88,40,901069
102,87,693186
40,44,4474920
127,87,2974976
60,65,3088014
101,66,1052148
120,43,227009
117,90,434586
91,82,3798850
124,105,2324452
87,88,2913165
76,77,3583844
58,49,7006119
57,46,3521340
68,89,1763664
66,50,2863648
64,64,222219
119,121,5791834
43,75,3504315
98,103,8123511
74,56,2895803
38,96,1641642
102,67,419197
50,109,2369851
105,107,6464310
69,122,4587668
91,100,785433
91,36,9510431
121,78,2245493
120,110,7584149
66,85,2122489
80,52,9162090
74,86,5947039
44,115,4926808
95,99,650335
106,48,8102112
89,43,5209697
55,85,77572
114,67,3502684
60,78,5627487
98,118,2163285
43,35,5772878
56,66,360286
50,74,3928413
95,47,2265471
40,103,8292065
68,110,5546631
65,35,4763371
39,75,2777289
46,91,6757758
117,60,6534064
113,108,6257005
107,52,7512463
76,48,4932829
46,65,292254
47,99,8741857
39,88,325634
116,125,4965342
77,113,2127347
59,108,2265005
41,127,6433042
111,116,1528146
33,75,8234922
67,38,5143706
101,44,5436292
80,70,3615070
44,120,6719987
33,84,1614230
54,90,7246008
90,72,6979811
127,79,1875828
53,69,6879049
38,75,2633658
78,123,568519
47,71,4576150
68,40,5666827
73,116,7468066
99,111,4436935
86,65,7531989
79,73,6977282
37,66,5886992
107,33,6614620
36,89,6047013
89,125,3017824
103,41,2593344
73,104,4987544
42,82,4328143
119,50,9889814
117,83,995025
95,79,7537853
62,50,3030200
56,88,7899690
111,106,5834387
107,117,9023277
52,54,1803067
111,106,7433930
106,80,7220357
80,111,1071614
117,88,7066036
68,52,2818966
64,104,4855197
95,43,346060
115,47,795755
110,100,4404977
71,107,2786334
93,101,7400807
108,38,8083043
108,37,5130958
87,61,8821202
112,56,726250
94,46,5251229
50,85,5375683
84,97,9638179
81,112,1468523
34,98,9657626
118,109,3167159
112,43,3457206
87,56,9261687
99,124,995626
84,82,1755236
41,72,7619012
101,84,8943843
38,73,9543844
34,123,9988396
100,66,4984588
79,43,4394031
111,95,2109769
90,52,4759116
41,34,7727726
80,47,959860
38,117,1635464
93,89,996095
56,49,8698082
111,41,7909349
105,92,2305962
54,48,4073561
49,99,8669712
61,126,4869666
106,105,5418262
105,126,3759358
116,71,3757487
114,42,3375835
56,79,1802221
53,109,1999309
66,39,3375992
85,122,494861
56,58,4357928
106,61,2293164
65,112,4588654
112,80,5355422
81,36,7215066
92,114,2747847
124,53,159116
45,88,57607
83,79,790119
116,86,2572771
102,70,9414105
83,45,2058240
80,81,8603674
64,83,5734758
79,95,5497896
75,103,3065555
84,70,9246794
122,107,7642150
47,37,4524405
127,62,7823339
53,38,9128069
94,54,8670653
106,57,5496723
77,56,6773170
91,109,387360
117,47,9801785
115,101,7519952
52,99,4366350
97,78,519600
82,71,4832555
33,49,6652475
51,125,8871157
58,71,7611436
108,97,9801031
110,111,6660023
80,72,8386720
124,66,9146520
121,63,7048360
62,122,6546257
121,78,9558059
63,65,5508196
65,110,439189
49,126,1060490
50,80,8104101
126,59,715689
64,121,3485091
49,94,2723742
55,54,3706757
123,47,6472685
114,79,5181590
55,91,9946714
128,50,9984486
76,43,2165303
89,62,8416639
99,53,7517998
65,124,4108204
42,57,6189966
107,76,3501624
